{
  "load_summary": {
    "count": 3600,
    "schedule_delay": {
      "mean": 0.0008943849390359699,
      "min": -0.0010379374725744128,
      "max": 0.2858285258989781,
      "p0.1": -0.0009888196052052082,
      "p1": -0.0006906101643107831,
      "p5": -0.00042360093793831767,
      "p10": -0.0002320981118828058,
      "p25": 8.708066889084876e-05,
      "median": 0.00047074793837964535,
      "p75": 0.000839919171994552,
      "p90": 0.0011635166592895985,
      "p95": 0.0013620623969472943,
      "p99": 0.0017930156108923164,
      "p99.9": 0.08846362785588135
    },
    "send_duration": 119.88174595695455,
    "requested_rate": 30.0,
    "achieved_rate": 30.02959267287146
  },
  "successes": {
    "count": 3600,
    "latency": {
      "request_latency": {
        "mean": 228.66530976654147,
        "min": 136.51697173900902,
        "max": 324.43393136095256,
        "p0.1": 137.319197052437,
        "p1": 141.0265452302841,
        "p5": 146.9950395701686,
        "p10": 151.88718263220508,
        "p25": 162.41838127878145,
        "median": 252.40088572952664,
        "p75": 270.3392157207709,
        "p90": 308.8597586935619,
        "p95": 314.91949384602486,
        "p99": 322.1922377578134,
        "p99.9": 323.9445878990614
      },
      "normalized_time_per_output_token": {
        "mean": 0.155863375583753,
        "min": 0.06822437368266318,
        "max": 34.514959915114254,
        "p0.1": 0.0686660170665851,
        "p1": 0.07060551044849464,
        "p5": 0.07361911583568113,
        "p10": 0.07601544613617811,
        "p25": 0.08137643790366982,
        "median": 0.1266321967355386,
        "p75": 0.13553049870262757,
        "p90": 0.15500650029819907,
        "p95": 0.15794434153601636,
        "p99": 0.16175530007168665,
        "p99.9": 11.337781834316907
      },
      "time_per_output_token": {
        "mean": 0.07899500721544625,
        "min": 0.03863618401748858,
        "max": 0.13682770939328118,
        "p0.1": 0.0387024867443709,
        "p1": 0.0392355447187801,
        "p5": 0.042213980208019794,
        "p10": 0.044983027668389165,
        "p25": 0.07365153528210511,
        "median": 0.077365278486518,
        "p75": 0.08237560640754138,
        "p90": 0.11300580346694929,
        "p95": 0.12448501973351843,
        "p99": 0.13248261151954352,
        "p99.9": 0.13620225332622124
      },
      "time_to_first_token": {
        "mean": 70.58196954823542,
        "min": 0.12799037992954254,
        "max": 232.15976508706808,
        "p0.1": 0.13279920734092593,
        "p1": 0.1464190798578784,
        "p5": 0.18016166784218512,
        "p10": 0.21469630388310182,
        "p25": 0.2896192927437369,
        "median": 2.0211995054851286,
        "p75": 112.70382583251921,
        "p90": 219.44001714027254,
        "p95": 226.2143740907835,
        "p99": 230.96086561626987,
        "p99.9": 231.88597808186478
      },
      "inter_token_latency": {
        "mean": 0.07899500721544624,
        "min": 6.254995241761208e-06,
        "max": 116.79893204802647,
        "p0.1": 5.332276120316238e-05,
        "p1": 0.029876854550093413,
        "p5": 0.03775952475261875,
        "p10": 0.04101643670583144,
        "p25": 0.06015016001765616,
        "median": 0.062427147990092635,
        "p75": 0.06621780028217472,
        "p90": 0.11402160625439138,
        "p95": 0.1554202504106797,
        "p99": 0.25631781695643435,
        "p99.9": 0.296568476482062
      }
    },
    "throughput": {
      "input_tokens_per_sec": 17276.587933492916,
      "output_tokens_per_sec": 16769.016907368437,
      "total_tokens_per_sec": 34045.60484086136,
      "requests_per_sec": 8.441110791044165
    },
    "prompt_len": {
      "mean": 2046.7197222222221,
      "min": 2016.0,
      "max": 2083.0,
      "p0.1": 2025.0,
      "p1": 2029.0,
      "p5": 2033.0,
      "p10": 2036.0,
      "p25": 2041.0,
      "median": 2046.0,
      "p75": 2052.0,
      "p90": 2058.0,
      "p95": 2061.0,
      "p99": 2068.0,
      "p99.9": 2077.4010000000003
    },
    "output_len": {
      "mean": 1986.588888888889,
      "min": 9.0,
      "max": 2007.0,
      "p0.1": 23.198,
      "p1": 1953.97,
      "p5": 1984.0,
      "p10": 1990.0,
      "p25": 1998.0,
      "median": 2001.0,
      "p75": 2001.0,
      "p90": 2001.0,
      "p95": 2001.0,
      "p99": 2002.0,
      "p99.9": 2003.0
    }
  },
  "failures": {
    "count": 0,
    "request_latency": null,
    "prompt_len": null
  }
}