{
  "load_summary": {
    "count": 120,
    "schedule_delay": {
      "mean": 0.004594035805591072,
      "min": 0.00134387263096869,
      "max": 0.0829064417630434,
      "p0.1": 0.0013510186838684604,
      "p1": 0.0014046006882563232,
      "p5": 0.0017109763633925469,
      "p10": 0.0019229176687076688,
      "p25": 0.0022919182665646076,
      "median": 0.0026863872772082686,
      "p75": 0.003232657298212871,
      "p90": 0.0034642958315089347,
      "p95": 0.0038373227289412166,
      "p99": 0.07759336774819531,
      "p99.9": 0.0822793784852839
    }
  },
  "successes": {
    "count": 120,
    "latency": {
      "request_latency": {
        "mean": 285.2230822337655,
        "min": 220.5803478639573,
        "max": 377.10639593796805,
        "p0.1": 221.86540134069614,
        "p1": 231.90645498381463,
        "p5": 236.2768384613155,
        "p10": 249.1343996642041,
        "p25": 256.782558405539,
        "median": 266.06783084303606,
        "p75": 334.9929149177333,
        "p90": 360.12358311152786,
        "p95": 370.5536035076657,
        "p99": 375.89321571999227,
        "p99.9": 376.99368121738826
      },
      "normalized_time_per_output_token": {
        "mean": 0.3843340928325155,
        "min": 0.04626657000120947,
        "max": 16.813152793137956,
        "p0.1": 0.04633535697015602,
        "p1": 0.04685984104570892,
        "p5": 0.04865955614189059,
        "p10": 0.05001204423044207,
        "p25": 0.05147786659517288,
        "median": 0.05340704888569199,
        "p75": 0.06859664804847901,
        "p90": 0.07330654238693254,
        "p95": 0.07528346834076283,
        "p99": 11.395945190929304,
        "p99.9": 16.340007022837504
      },
      "time_per_output_token": {
        "mean": 0.04652768209178539,
        "min": 0.025667040364725904,
        "max": 0.07048226887743099,
        "p0.1": 0.025780262260190964,
        "p1": 0.02670018263142769,
        "p5": 0.030273703818678388,
        "p10": 0.03253359434752986,
        "p25": 0.03740077428947932,
        "median": 0.050272348314737675,
        "p75": 0.05188647283348024,
        "p90": 0.053360588663324986,
        "p95": 0.05386260991225367,
        "p99": 0.06963747785063697,
        "p99.9": 0.07041314697414473
      },
      "time_to_first_token": {
        "mean": 52.30828712405443,
        "min": 2.3269505199277773,
        "max": 204.7132266589906,
        "p0.1": 2.3377022267075955,
        "p1": 2.4179509013530334,
        "p5": 2.462526970828185,
        "p10": 2.4811011176207103,
        "p25": 2.675087910000002,
        "median": 4.427810256485827,
        "p75": 142.96348705125274,
        "p90": 188.55998783023097,
        "p95": 196.9663373555639,
        "p99": 203.76189602954662,
        "p99.9": 204.6482318906343
      },
      "inter_token_latency": {
        "mean": 0.04652768209178538,
        "min": 6.073969416320324e-06,
        "max": 158.36838630703278,
        "p0.1": 0.015153384196106344,
        "p1": 0.017488973380532114,
        "p5": 0.022095206589438022,
        "p10": 0.029481639771256597,
        "p25": 0.03025533226900734,
        "median": 0.04490263853222132,
        "p75": 0.04542999554541893,
        "p90": 0.04586212539579719,
        "p95": 0.046126521960832174,
        "p99": 0.35173765656072636,
        "p99.9": 0.46204434024589136
      }
    },
    "throughput": {
      "input_tokens_per_sec": 13270.523683725965,
      "output_tokens_per_sec": 1252.4997731036958,
      "total_tokens_per_sec": 14523.023456829662,
      "requests_per_sec": 0.2594532539939815
    },
    "prompt_len": {
      "mean": 51148.03333333333,
      "min": 51055.0,
      "max": 51242.0,
      "p0.1": 51056.547,
      "p1": 51069.71,
      "p5": 51090.95,
      "p10": 51098.7,
      "p25": 51119.75,
      "median": 51152.5,
      "p75": 51171.25,
      "p90": 51195.1,
      "p95": 51207.35,
      "p99": 51230.15,
      "p99.9": 51240.929000000004
    },
    "output_len": {
      "mean": 4827.458333333333,
      "min": 14.0,
      "max": 5002.0,
      "p0.1": 14.833,
      "p1": 24.99,
      "p5": 4937.9,
      "p10": 4965.9,
      "p25": 4989.75,
      "median": 5000.0,
      "p75": 5001.0,
      "p90": 5001.0,
      "p95": 5001.0,
      "p99": 5001.0,
      "p99.9": 5001.881
    }
  },
  "failures": {
    "count": 0,
    "request_latency": null,
    "prompt_len": null
  }
}